"Symbol","Series","Date","Prev Close","Open Price","High Price","Low Price","Last Price","Close Price","Average Price","Total Traded Quantity","Turnover","No. of Trades"
"HINDALCO","EQ","01-Jan-2016","         84.75","         84.70","         85.25","         84.00","         84.80","         84.90","         84.70","    2806421","           237716374.10","      10405"
"HINDALCO","EQ","04-Jan-2016","         84.90","         84.20","         85.90","         80.40","         81.00","         80.75","         83.13","    8706224","           723761947.30","      32465"
"HINDALCO","EQ","05-Jan-2016","         80.75","         82.00","         83.95","         80.60","         82.60","         82.60","         82.30","    9819068","           808106471.25","      39784"
"HINDALCO","EQ","06-Jan-2016","         82.60","         82.40","         82.85","         79.70","         80.45","         80.55","         81.18","    6494446","           527205272.90","      29936"
"HINDALCO","EQ","07-Jan-2016","         80.55","         79.00","         79.40","         76.10","         76.55","         76.65","         77.52","    8098318","           627784098.10","      31693"
"HINDALCO","EQ","08-Jan-2016","         76.65","         77.45","         78.15","         75.20","         77.05","         76.90","         76.91","    6800939","           523088540.05","      24739"
"HINDALCO","EQ","11-Jan-2016","         76.90","         75.80","         78.65","         74.30","         77.70","         77.90","         76.34","    9706674","           741019490.80","      33741"
"HINDALCO","EQ","12-Jan-2016","         77.90","         78.40","         78.65","         75.00","         75.55","         75.60","         76.38","    6696133","           511473934.40","      23990"
"HINDALCO","EQ","13-Jan-2016","         75.60","         76.40","         77.50","         74.30","         76.75","         76.70","         76.11","    8275596","           629896254.65","      23712"
"HINDALCO","EQ","14-Jan-2016","         76.70","         75.00","         76.00","         73.40","         74.80","         74.70","         74.79","    7864816","           588177197.40","      27728"
"HINDALCO","EQ","15-Jan-2016","         74.70","         75.35","         75.40","         71.15","         71.25","         71.80","         73.57","    5206900","           383084213.20","      18525"
"HINDALCO","EQ","18-Jan-2016","         71.80","         71.05","         73.50","         70.05","         70.95","         71.20","         71.65","    6814262","           488240178.10","      28559"
"HINDALCO","EQ","19-Jan-2016","         71.20","         72.10","         73.90","         71.10","         71.85","         71.85","         72.44","    4396738","           318488285.85","      21605"
"HINDALCO","EQ","20-Jan-2016","         71.85","         71.00","         71.05","         66.35","         67.65","         67.60","         68.31","    8312143","           567814773.55","      28979"
"HINDALCO","EQ","21-Jan-2016","         67.60","         69.00","         69.35","         66.80","         68.50","         68.30","         68.27","    5883512","           401658091.05","      21258"
"HINDALCO","EQ","22-Jan-2016","         68.30","         69.60","         72.90","         69.10","         71.90","         72.35","         71.45","    6988053","           499269419.70","      30803"
"HINDALCO","EQ","25-Jan-2016","         72.35","         72.90","         73.45","         71.80","         72.15","         72.00","         72.44","    3930042","           284694937.65","      21044"
"HINDALCO","EQ","27-Jan-2016","         72.00","         72.50","         72.85","         70.80","         70.95","         71.05","         71.54","    5960177","           426397579.45","      24857"
"HINDALCO","EQ","28-Jan-2016","         71.05","         71.05","         71.40","         69.25","         69.85","         69.70","         70.25","   12038432","           845758793.55","      31248"
"HINDALCO","EQ","29-Jan-2016","         69.70","         70.00","         71.15","         68.75","         70.15","         70.50","         70.28","    9203028","           646743721.85","      37316"
"HINDALCO","EQ","01-Feb-2016","         70.50","         70.85","         71.55","         70.20","         71.20","         71.10","         71.04","    5582032","           396532104.25","      34933"
"HINDALCO","EQ","02-Feb-2016","         71.10","         71.75","         71.80","         68.20","         68.35","         68.55","         70.21","    6192773","           434809443.15","      26613"
"HINDALCO","EQ","03-Feb-2016","         68.55","         68.00","         68.00","         66.30","         66.70","         66.65","         67.15","    6780055","           455259136.05","      40539"
"HINDALCO","EQ","04-Feb-2016","         66.65","         67.80","         70.45","         67.20","         69.05","         68.70","         68.99","   12083591","           833652566.20","      46551"
"HINDALCO","EQ","05-Feb-2016","         68.70","         69.30","         72.20","         68.80","         71.10","         71.25","         70.84","   15932693","          1128700007.40","      59283"
"HINDALCO","EQ","08-Feb-2016","         71.25","         72.00","         72.00","         69.45","         69.60","         69.80","         70.73","   10400835","           735609237.00","      34361"
"HINDALCO","EQ","09-Feb-2016","         69.80","         68.50","         70.80","         67.60","         70.05","         70.00","         69.33","   16969989","          1176498622.25","      45535"
"HINDALCO","EQ","10-Feb-2016","         70.00","         70.20","         70.50","         65.00","         67.15","         66.90","         66.89","   16937036","          1132892426.30","      55045"
"HINDALCO","EQ","11-Feb-2016","         66.90","         67.50","         67.75","         62.95","         63.25","         63.70","         64.88","    7915911","           513551718.75","      28741"
"HINDALCO","EQ","12-Feb-2016","         63.70","         64.80","         64.85","         58.80","         60.85","         60.90","         60.84","   11171816","           679744172.50","      38296"
"HINDALCO","EQ","15-Feb-2016","         60.90","         62.45","         68.45","         62.30","         66.55","         67.00","         66.43","   17333390","          1151450289.00","      64940"
"HINDALCO","EQ","16-Feb-2016","         67.00","         68.50","         68.50","         64.55","         64.55","         64.85","         66.49","    9530757","           633656479.45","      31676"
"HINDALCO","EQ","17-Feb-2016","         64.85","         65.20","         66.30","         61.60","         66.15","         65.80","         64.07","   12113622","           776096077.15","      36382"
"HINDALCO","EQ","18-Feb-2016","         65.80","         67.65","         70.10","         67.20","         68.55","         68.90","         68.83","   14663310","          1009280437.60","      51933"
"HINDALCO","EQ","19-Feb-2016","         68.90","         68.30","         70.00","         67.45","         68.90","         69.05","         68.88","    6048480","           416617348.25","      23826"
"HINDALCO","EQ","22-Feb-2016","         69.05","         69.15","         70.60","         68.80","         69.70","         69.50","         69.60","    5132711","           357229969.65","      16962"
"HINDALCO","EQ","23-Feb-2016","         69.50","         69.90","         71.85","         67.80","         68.30","         68.50","         69.85","   10366393","           724052604.85","      31890"
"HINDALCO","EQ","24-Feb-2016","         68.50","         67.60","         68.45","         66.00","         66.10","         66.40","         67.27","    6136935","           412836976.20","      21596"
"HINDALCO","EQ","25-Feb-2016","         66.40","         67.35","         68.00","         66.45","         67.60","         67.15","         67.31","    6197874","           417189159.05","      19230"
"HINDALCO","EQ","26-Feb-2016","         67.15","         68.20","         69.95","         66.20","         69.55","         69.45","         68.56","    9806363","           672352499.30","      31018"
"HINDALCO","EQ","29-Feb-2016","         69.45","         70.15","         70.80","         66.70","         68.25","         68.75","         69.29","   15550728","          1077546601.60","      39794"
"HINDALCO","EQ","01-Mar-2016","         68.75","         69.00","         70.50","         68.60","         70.40","         70.25","         69.71","    8273262","           576690955.80","      24740"
"HINDALCO","EQ","02-Mar-2016","         70.25","         71.90","         77.00","         71.30","         75.40","         74.95","         75.02","   21643529","          1623719678.25","      46546"
"HINDALCO","EQ","03-Mar-2016","         74.95","         76.50","         79.80","         75.50","         79.05","         79.25","         78.22","   22949555","          1795076485.45","      65563"
"HINDALCO","EQ","04-Mar-2016","         79.25","         79.85","         81.90","         77.60","         80.00","         79.40","         79.87","   15840406","          1265234209.90","      42226"
"HINDALCO","EQ","08-Mar-2016","         79.40","         80.30","         84.20","         80.05","         82.90","         83.15","         82.91","   19055239","          1579831188.95","      77370"
"HINDALCO","EQ","09-Mar-2016","         83.15","         80.40","         81.40","         79.05","         81.15","         81.10","         80.21","   11565488","           927643202.80","      43563"
"HINDALCO","EQ","10-Mar-2016","         81.10","         81.90","         85.55","         81.55","         83.50","         83.80","         84.10","   18838685","          1584387560.60","      64709"
"HINDALCO","EQ","11-Mar-2016","         83.80","         83.90","         84.75","         81.60","         83.55","         83.50","         83.48","   10301155","           859946294.80","      31434"
"HINDALCO","EQ","14-Mar-2016","         83.50","         84.50","         86.00","         84.20","         84.80","         84.90","         84.87","    6642436","           563715075.45","      24022"
"HINDALCO","EQ","15-Mar-2016","         84.90","         85.00","         86.00","         83.60","         83.75","         83.90","         84.68","   11700066","           990771655.85","      46339"
"HINDALCO","EQ","16-Mar-2016","         83.90","         84.00","         84.25","         79.35","         81.60","         81.50","         81.03","   13890592","          1125577638.10","      48528"
"HINDALCO","EQ","17-Mar-2016","         81.50","         82.50","         83.80","         80.70","         80.85","         81.00","         82.16","    8476015","           696351763.05","      45713"
"HINDALCO","EQ","18-Mar-2016","         81.00","         82.40","         85.50","         82.00","         85.45","         85.20","         84.19","   14366152","          1209527670.55","      57753"
"HINDALCO","EQ","21-Mar-2016","         85.20","         85.70","         87.00","         84.30","         85.95","         86.00","         85.80","   12324190","          1057436403.25","      35463"
"HINDALCO","EQ","22-Mar-2016","         86.00","         85.90","         88.00","         84.85","         87.75","         87.00","         86.18","   12800780","          1103170223.20","      39837"
"HINDALCO","EQ","23-Mar-2016","         87.00","         88.00","         91.70","         87.90","         90.80","         91.30","         90.62","   22685606","          2055863291.30","      87993"
"HINDALCO","EQ","28-Mar-2016","         91.30","         92.50","         92.50","         82.55","         83.60","         83.25","         86.34","   20101957","          1735539998.55","      69472"
"HINDALCO","EQ","29-Mar-2016","         83.25","         83.90","         86.15","         83.50","         84.20","         84.40","         85.01","   14305542","          1216074451.45","      44643"
"HINDALCO","EQ","30-Mar-2016","         84.40","         85.50","         89.30","         85.25","         87.80","         88.00","         87.58","   15758559","          1380204876.50","      51910"
"HINDALCO","EQ","31-Mar-2016","         88.00","         87.85","         89.00","         86.50","         88.20","         87.95","         87.74","   16963906","          1488474327.10","      43849"
"HINDALCO","EQ","01-Apr-2016","         87.95","         87.50","         87.65","         86.05","         86.35","         86.65","         86.77","    8139439","           706275366.00","      34654"
"HINDALCO","EQ","04-Apr-2016","         86.65","         87.45","         90.65","         86.50","         89.10","         89.10","         89.26","   14431538","          1288157952.30","      51296"
"HINDALCO","EQ","05-Apr-2016","         89.10","         88.20","         89.40","         84.35","         85.35","         84.90","         86.50","   11541211","           998322975.40","      44773"
"HINDALCO","EQ","06-Apr-2016","         84.90","         85.75","         89.70","         85.50","         88.95","         88.95","         88.44","   14585715","          1289907734.40","      49815"
"HINDALCO","EQ","07-Apr-2016","         88.95","         89.00","         89.40","         86.75","         87.45","         87.30","         87.78","    6979457","           612663045.50","      21177"
"HINDALCO","EQ","08-Apr-2016","         87.30","         87.25","         89.50","         86.00","         87.70","         87.70","         88.23","   10212068","           900998365.45","      48505"
"HINDALCO","EQ","11-Apr-2016","         87.70","         88.15","         93.20","         87.85","         91.75","         92.20","         90.94","   15187158","          1381154569.90","      40729"
"HINDALCO","EQ","12-Apr-2016","         92.20","         91.35","         93.15","         90.20","         92.10","         92.00","         91.93","   12789430","          1175669658.85","      44794"
"HINDALCO","EQ","13-Apr-2016","         92.00","         93.05","         97.70","         93.05","         95.90","         96.30","         96.15","   18201767","          1750067516.10","      65222"
"HINDALCO","EQ","18-Apr-2016","         96.30","         96.80","         97.60","         94.50","         96.90","         97.05","         96.74","   11527074","          1115079547.65","      45484"
"HINDALCO","EQ","20-Apr-2016","         97.05","         99.45","        102.40","         98.25","        102.00","        101.80","        100.63","   24020057","          2417022053.85","      75453"
"HINDALCO","EQ","21-Apr-2016","        101.80","        102.40","        104.25","        100.65","        102.20","        101.80","        102.40","   18328986","          1876902562.40","      55758"
"HINDALCO","EQ","22-Apr-2016","        101.80","        101.50","        102.75","        100.60","        100.70","        101.10","        101.66","   10577244","          1075277256.70","      40867"
"HINDALCO","EQ","25-Apr-2016","        101.10","        101.15","        101.35","         96.55","         99.00","         98.40","         98.16","    9752785","           957312728.20","      38412"
"HINDALCO","EQ","26-Apr-2016","         98.40","         99.05","        103.45","         98.90","        103.25","        103.15","        102.33","   17484714","          1789141109.90","      71045"
"HINDALCO","EQ","27-Apr-2016","        103.15","        103.25","        104.40","        101.10","        102.05","        101.75","        102.45","    8607518","           881850693.35","      35028"
"HINDALCO","EQ","28-Apr-2016","        101.75","        101.80","        102.45","         96.50","         96.80","         96.90","         98.74","   19093454","          1885220702.70","      87064"
"HINDALCO","EQ","29-Apr-2016","         96.90","         97.40","         99.00","         93.40","         96.00","         96.35","         96.18","   23929755","          2301658728.55","      73003"
"HINDALCO","EQ","02-May-2016","         96.35","         96.40","        100.65","         94.60","         98.25","         98.65","         98.82","   18962903","          1873847255.60","      68154"
"HINDALCO","EQ","03-May-2016","         98.65","         99.50","        100.60","         96.55","         96.85","         96.90","         98.75","   13225593","          1305968867.85","      47363"
"HINDALCO","EQ","04-May-2016","         96.90","         95.50","         95.80","         90.65","         91.50","         91.15","         92.72","   14740553","          1366795098.60","      97935"
"HINDALCO","EQ","05-May-2016","         91.15","         91.50","         93.20","         88.90","         90.90","         90.45","         91.03","   15926658","          1449836911.15","      58264"
"HINDALCO","EQ","06-May-2016","         90.45","         90.50","         92.30","         89.20","         92.10","         91.90","         90.97","   13758624","          1251564502.90","      55052"
"HINDALCO","EQ","09-May-2016","         91.90","         93.00","         93.90","         91.00","         91.90","         91.70","         92.30","   11577265","          1068596167.50","      45494"
"HINDALCO","EQ","10-May-2016","         91.70","         91.05","         91.05","         89.20","         89.90","         89.85","         89.98","   12264885","          1103640805.10","      44468"
"HINDALCO","EQ","11-May-2016","         89.85","         89.50","         92.80","         88.80","         91.30","         91.60","         91.79","   14204732","          1303823446.50","      43109"
"HINDALCO","EQ","12-May-2016","         91.60","         92.30","         93.75","         92.00","         93.75","         93.40","         92.85","    9628472","           894050921.75","      35202"
"HINDALCO","EQ","13-May-2016","         93.40","         93.40","         93.40","         88.85","         89.55","         89.30","         90.56","   12852619","          1163896437.00","      36944"
"HINDALCO","EQ","16-May-2016","         89.30","         89.75","         90.55","         88.10","         89.80","         89.80","         89.35","    8759799","           782706819.10","      33838"
"HINDALCO","EQ","17-May-2016","         89.80","         90.55","         91.20","         88.90","         89.00","         89.10","         90.14","    7734643","           697205466.10","      23557"
"HINDALCO","EQ","18-May-2016","         89.10","         88.20","         89.60","         87.25","         89.40","         89.15","         88.27","    8076399","           712920517.80","      31787"
"HINDALCO","EQ","19-May-2016","         89.15","         89.05","         90.90","         86.30","         86.85","         87.05","         89.22","   10822516","           965549531.55","      32362"
"HINDALCO","EQ","20-May-2016","         87.05","         87.60","         88.55","         86.45","         86.90","         86.95","         87.49","   10826038","           947168560.10","      32716"
"HINDALCO","EQ","23-May-2016","         86.95","         87.95","         88.45","         86.30","         87.20","         86.90","         87.51","    6339823","           554767014.85","      21608"
"HINDALCO","EQ","24-May-2016","         86.90","         87.10","         87.45","         83.50","         86.65","         86.30","         85.55","    8892273","           760715138.60","      37911"
"HINDALCO","EQ","25-May-2016","         86.30","         89.00","         89.25","         87.55","         88.80","         88.75","         88.45","    8223849","           727432174.30","      28476"
"HINDALCO","EQ","26-May-2016","         88.75","         88.90","         90.70","         87.65","         90.70","         90.30","         89.19","   12228049","          1090631755.35","      52752"
"HINDALCO","EQ","27-May-2016","         90.30","         91.00","         92.70","         90.85","         92.00","         91.90","         91.86","   11544310","          1060492707.60","      37680"
"HINDALCO","EQ","30-May-2016","         91.90","        100.00","        103.50","         98.15","        102.80","        102.95","        101.57","   43496929","          4418178880.40","     150930"
"HINDALCO","EQ","31-May-2016","        102.95","        103.10","        107.65","        102.50","        105.10","        105.25","        105.33","   36580800","          3853086800.30","     153861"
"HINDALCO","EQ","01-Jun-2016","        105.25","        105.35","        105.75","        102.60","        103.40","        103.10","        104.00","   12374620","          1287005022.80","      43670"
"HINDALCO","EQ","02-Jun-2016","        103.10","        102.75","        106.35","        102.20","        106.20","        106.05","        105.00","   12148730","          1275592536.15","      54402"
"HINDALCO","EQ","03-Jun-2016","        106.05","        106.70","        106.90","        104.10","        105.40","        105.55","        105.34","    9025991","           950763935.45","      28862"
"HINDALCO","EQ","06-Jun-2016","        105.55","        105.05","        108.00","        104.55","        106.45","        106.85","        106.71","   13723112","          1464324921.00","      46336"
"HINDALCO","EQ","07-Jun-2016","        106.85","        107.25","        110.25","        107.00","        109.65","        109.50","        108.77","   14522201","          1579541072.30","      67530"
"HINDALCO","EQ","08-Jun-2016","        109.50","        109.75","        110.45","        108.00","        109.10","        109.35","        109.07","   10622548","          1158568224.85","      34912"
"HINDALCO","EQ","09-Jun-2016","        109.35","        109.00","        112.60","        108.95","        110.70","        110.90","        111.18","   16009358","          1779935491.05","      55760"
"HINDALCO","EQ","10-Jun-2016","        110.90","        110.45","        115.90","        110.45","        115.60","        115.30","        114.00","   26738862","          3048198054.55","     106124"
"HINDALCO","EQ","13-Jun-2016","        115.30","        113.50","        115.50","        111.35","        115.35","        114.70","        113.29","   15420130","          1746931208.55","      51636"
"HINDALCO","EQ","14-Jun-2016","        114.70","        114.95","        115.85","        114.10","        115.40","        115.60","        115.04","   10883646","          1252074542.40","      31254"
"HINDALCO","EQ","15-Jun-2016","        115.60","        116.25","        116.70","        114.20","        115.75","        115.75","        115.47","   10291525","          1188391808.75","      42583"
"HINDALCO","EQ","16-Jun-2016","        115.75","        115.35","        119.45","        114.35","        119.20","        119.05","        117.12","   19649978","          2301446928.70","      70831"
"HINDALCO","EQ","17-Jun-2016","        119.05","        120.10","        120.25","        117.95","        118.60","        118.80","        118.88","    9115066","          1083598060.65","      54265"
"HINDALCO","EQ","20-Jun-2016","        118.80","        117.45","        121.35","        117.30","        121.00","        121.05","        120.16","    7879482","           946836478.45","      37106"
"HINDALCO","EQ","21-Jun-2016","        121.05","        122.25","        124.65","        121.60","        123.20","        123.50","        123.43","   15274422","          1885303047.45","      54366"
"HINDALCO","EQ","22-Jun-2016","        123.50","        123.95","        123.95","        120.10","        122.20","        122.20","        121.70","   10065713","          1225044466.70","      34244"
"HINDALCO","EQ","23-Jun-2016","        122.20","        122.10","        124.50","        121.65","        124.00","        123.90","        123.07","    8243327","          1014482115.20","      34494"
"HINDALCO","EQ","24-Jun-2016","        123.90","        118.35","        119.60","        112.00","        116.80","        117.30","        115.56","   22745648","          2628545856.35","      70344"
"HINDALCO","EQ","27-Jun-2016","        117.30","        115.95","        120.80","        115.90","        120.00","        119.80","        119.14","   13603388","          1620724602.85","      43597"
"HINDALCO","EQ","28-Jun-2016","        119.80","        119.90","        121.05","        117.75","        118.15","        118.05","        119.17","   11037595","          1315295694.00","      48911"
"HINDALCO","EQ","29-Jun-2016","        118.05","        119.00","        121.30","        118.60","        119.80","        119.95","        120.22","    9327343","          1121326810.10","      37738"
"HINDALCO","EQ","30-Jun-2016","        119.95","        122.40","        123.45","        121.25","        123.15","        122.85","        122.18","   15709303","          1919289306.80","      76181"
"HINDALCO","EQ","01-Jul-2016","        122.85","        124.00","        125.50","        123.15","        124.75","        124.75","        124.57","    8905862","          1109415709.75","      47256"
"HINDALCO","EQ","04-Jul-2016","        124.75","        126.10","        126.75","        125.50","        126.00","        125.95","        126.04","    5715305","           720375173.15","      34620"
"HINDALCO","EQ","05-Jul-2016","        125.95","        126.00","        127.40","        123.30","        123.35","        123.65","        125.14","    9848628","          1232437914.30","      41373"
"HINDALCO","EQ","07-Jul-2016","        123.65","        125.00","        128.70","        124.60","        128.00","        127.70","        127.52","   15661285","          1997128895.55","      63518"
"HINDALCO","EQ","08-Jul-2016","        127.70","        128.70","        128.70","        125.50","        127.15","        126.85","        126.55","    8327269","          1053835839.40","      30364"
"HINDALCO","EQ","11-Jul-2016","        126.85","        128.30","        129.75","        128.05","        128.70","        129.05","        128.88","    7534954","           971084250.20","      32728"
"HINDALCO","EQ","12-Jul-2016","        129.05","        130.35","        136.20","        130.00","        135.00","        135.25","        134.58","   26490373","          3564980911.75","      96375"
"HINDALCO","EQ","13-Jul-2016","        135.25","        136.00","        139.90","        134.70","        135.45","        135.80","        137.09","   20241097","          2774769285.10","      83003"
"HINDALCO","EQ","14-Jul-2016","        135.80","        136.00","        137.35","        133.75","        136.15","        135.80","        135.56","   11703265","          1586473023.30","      65138"
"HINDALCO","EQ","15-Jul-2016","        135.80","        136.90","        138.00","        135.55","        137.60","        137.40","        136.87","   10639879","          1456296852.90","      43122"
"HINDALCO","EQ","18-Jul-2016","        137.40","        137.90","        141.45","        136.15","        136.85","        137.25","        139.13","   13729613","          1910195927.15","      51304"
"HINDALCO","EQ","19-Jul-2016","        137.25","        136.90","        139.50","        136.60","        138.10","        138.00","        138.14","   10933178","          1510261138.55","      39514"
"HINDALCO","EQ","20-Jul-2016","        138.00","        138.85","        139.30","        134.30","        136.15","        135.90","        136.65","   11898110","          1625932197.35","      41324"
"HINDALCO","EQ","21-Jul-2016","        135.90","        137.15","        137.50","        133.50","        133.65","        133.90","        135.14","   11200454","          1513592977.30","      39156"
"HINDALCO","EQ","22-Jul-2016","        133.90","        133.20","        137.00","        130.35","        136.35","        136.00","        134.33","   15030516","          2019061629.45","      60367"
"HINDALCO","EQ","25-Jul-2016","        136.00","        136.50","        136.90","        133.90","        135.10","        135.20","        135.35","    6407189","           867205259.85","      29038"
"HINDALCO","EQ","26-Jul-2016","        135.20","        135.20","        136.80","        131.00","        131.65","        131.65","        134.24","   12881150","          1729170715.60","      82940"
"HINDALCO","EQ","27-Jul-2016","        131.65","        132.65","        134.60","        131.20","        133.60","        133.80","        133.11","    9550329","          1271214130.75","      54774"
"HINDALCO","EQ","28-Jul-2016","        133.80","        134.00","        135.60","        132.10","        134.95","        134.25","        133.94","   10626361","          1423337883.70","      37416"
"HINDALCO","EQ","29-Jul-2016","        134.25","        134.95","        135.65","        132.15","        133.20","        133.55","        133.91","    7051660","           944275835.90","      40036"
"HINDALCO","EQ","01-Aug-2016","        133.55","        134.50","        138.80","        134.10","        137.20","        136.60","        136.61","   12647887","          1727776974.15","      38016"
"HINDALCO","EQ","02-Aug-2016","        136.60","        137.40","        138.25","        134.60","        135.40","        135.50","        136.67","    9026140","          1233558387.85","      37057"
"HINDALCO","EQ","03-Aug-2016","        135.50","        135.40","        137.25","        133.60","        135.65","        135.70","        135.22","    9958140","          1346574480.90","      34440"
"HINDALCO","EQ","04-Aug-2016","        135.70","        136.50","        137.95","        135.40","        137.70","        137.10","        136.83","    6943209","           950016080.15","      30959"
"HINDALCO","EQ","05-Aug-2016","        137.10","        139.00","        144.25","        138.50","        144.00","        143.70","        141.79","   13302798","          1886204291.75","      56697"
"HINDALCO","EQ","08-Aug-2016","        143.70","        146.25","        152.15","        146.00","        148.95","        149.15","        149.88","   20168915","          3022912604.75","      73856"
"HINDALCO","EQ","09-Aug-2016","        149.15","        150.20","        150.25","        145.40","        146.65","        146.60","        147.24","    9816523","          1445398302.15","      40630"
"HINDALCO","EQ","10-Aug-2016","        146.60","        147.00","        149.15","        144.55","        145.85","        145.80","        146.47","    9266876","          1357324853.30","      36316"
"HINDALCO","EQ","11-Aug-2016","        145.80","        145.60","        146.00","        138.50","        142.65","        142.25","        142.16","    9200944","          1308038982.70","      49795"
"HINDALCO","EQ","12-Aug-2016","        142.25","        143.00","        149.25","        143.00","        146.00","        146.35","        146.62","   22086647","          3238337697.25","      85810"
"HINDALCO","EQ","16-Aug-2016","        146.35","        147.70","        155.55","        146.60","        154.45","        154.65","        151.35","   17292821","          2617297360.35","      88533"
"HINDALCO","EQ","17-Aug-2016","        154.65","        154.35","        156.80","        153.95","        155.85","        155.95","        155.71","   13401034","          2086686885.15","      59408"
"HINDALCO","EQ","18-Aug-2016","        155.95","        156.50","        157.15","        154.00","        154.60","        154.35","        155.15","    7030499","          1090759750.55","      35949"
"HINDALCO","EQ","19-Aug-2016","        154.35","        156.80","        159.45","        156.25","        158.70","        158.95","        158.04","   13625085","          2153293055.55","      83439"
"HINDALCO","EQ","22-Aug-2016","        158.95","        158.00","        158.00","        155.30","        156.15","        156.05","        156.24","    6708408","          1048154034.25","      42090"
"HINDALCO","EQ","23-Aug-2016","        156.05","        155.50","        156.95","        153.80","        155.85","        155.55","        155.43","    6120185","           951252246.75","      39165"
"HINDALCO","EQ","24-Aug-2016","        155.55","        156.30","        157.60","        155.40","        157.20","        157.00","        156.59","    7012966","          1098173295.00","      37449"
"HINDALCO","EQ","25-Aug-2016","        157.00","        156.95","        157.80","        153.50","        154.15","        154.25","        155.89","    7136191","          1112467999.05","      31628"
"HINDALCO","EQ","26-Aug-2016","        154.25","        155.45","        156.95","        154.30","        155.55","        155.50","        155.79","    7924816","          1234596930.30","      52750"
"HINDALCO","EQ","29-Aug-2016","        155.50","        155.00","        159.50","        154.50","        159.45","        158.30","        157.13","    7488966","          1176767912.80","      40605"
"HINDALCO","EQ","30-Aug-2016","        158.30","        159.90","        163.50","        159.05","        163.40","        162.75","        161.57","    7930389","          1281341912.20","      48820"
"HINDALCO","EQ","31-Aug-2016","        162.75","        163.00","        164.70","        158.25","        159.00","        159.25","        161.91","   15209502","          2462642962.60","      77549"
"HINDALCO","EQ","01-Sep-2016","        159.25","        159.00","        160.65","        156.60","        157.85","        157.50","        158.30","    6261144","           991134152.80","      34564"
"HINDALCO","EQ","02-Sep-2016","        157.50","        158.30","        158.90","        154.50","        157.35","        157.25","        156.39","    6820117","          1066621023.55","      33825"
"HINDALCO","EQ","06-Sep-2016","        157.25","        157.55","        159.90","        157.00","        158.50","        158.50","        158.60","    5189625","           823093443.05","      37102"
"HINDALCO","EQ","07-Sep-2016","        158.50","        158.55","        161.80","        158.05","        159.95","        159.70","        160.04","    7925196","          1268360016.10","      40390"
"HINDALCO","EQ","08-Sep-2016","        159.70","        160.90","        163.45","        160.00","        161.75","        161.95","        162.10","    9379095","          1520339191.30","      44821"
"HINDALCO","EQ","09-Sep-2016","        161.95","        162.85","        162.85","        154.00","        155.20","        154.85","        158.76","    9427758","          1496752976.90","      55340"
"HINDALCO","EQ","12-Sep-2016","        154.85","        149.00","        150.60","        139.90","        141.20","        140.85","        144.73","   16165924","          2339668534.80","      97692"
"HINDALCO","EQ","14-Sep-2016","        140.85","        140.25","        143.70","        138.55","        143.40","        143.25","        141.53","   13195609","          1867602958.25","      80465"
"HINDALCO","EQ","15-Sep-2016","        143.25","        144.95","        146.25","        141.15","        145.50","        145.55","        144.04","   10494591","          1511635738.75","      46081"
"HINDALCO","EQ","16-Sep-2016","        145.55","        146.80","        147.90","        142.00","        143.10","        142.65","        144.44","   10327538","          1491711858.40","      43435"
"HINDALCO","EQ","19-Sep-2016","        142.65","        143.10","        144.60","        141.70","        143.75","        143.95","        143.28","    4969953","           712079553.35","      27278"
"HINDALCO","EQ","20-Sep-2016","        143.95","        143.00","        146.35","        142.60","        145.80","        145.60","        144.98","    7633586","          1106730429.45","      49593"
"HINDALCO","EQ","21-Sep-2016","        145.60","        145.55","        151.35","        144.10","        149.35","        149.55","        149.49","   14671999","          2193355204.30","      81396"
"HINDALCO","EQ","22-Sep-2016","        149.55","        153.40","        156.20","        152.25","        154.85","        154.60","        154.19","   16321716","          2516590589.65","      68012"
"HINDALCO","EQ","23-Sep-2016","        154.60","        154.60","        156.85","        153.05","        154.30","        154.45","        154.98","   10730581","          1662997991.25","      49678"
"HINDALCO","EQ","26-Sep-2016","        154.45","        154.00","        155.30","        152.30","        153.85","        153.60","        153.81","    7234470","          1112741878.65","      32870"
"HINDALCO","EQ","27-Sep-2016","        153.60","        154.35","        155.30","        149.55","        151.00","        150.05","        152.40","    8046035","          1226249385.45","      40548"
"HINDALCO","EQ","28-Sep-2016","        150.05","        150.20","        158.20","        148.50","        157.45","        156.90","        153.19","   12785618","          1958638497.90","      54234"
"HINDALCO","EQ","29-Sep-2016","        156.90","        157.45","        157.85","        147.80","        150.45","        150.00","        152.23","   14157620","          2155166927.90","      56114"
"HINDALCO","EQ","30-Sep-2016","        150.00","        147.00","        154.35","        146.80","        152.75","        152.70","        151.39","    9167292","          1387843573.35","      46627"
"HINDALCO","EQ","03-Oct-2016","        152.70","        154.50","        155.20","        152.60","        154.20","        154.10","        153.82","    9299252","          1430435367.45","      47480"
"HINDALCO","EQ","04-Oct-2016","        154.10","        154.95","        157.50","        152.35","        155.00","        154.25","        154.81","   13696719","          2120368288.00","      60304"
"HINDALCO","EQ","05-Oct-2016","        154.25","        156.50","        159.30","        155.75","        156.65","        157.25","        157.80","   10169595","          1604804958.20","      48918"
"HINDALCO","EQ","06-Oct-2016","        157.25","        158.00","        161.70","        156.10","        158.55","        158.35","        158.95","   13604084","          2162336961.45","      80644"
"HINDALCO","EQ","07-Oct-2016","        158.35","        158.95","        160.40","        156.65","        157.80","        158.00","        158.49","    7263839","          1151260276.95","      41842"
"HINDALCO","EQ","10-Oct-2016","        158.00","        158.85","        162.80","        158.80","        161.05","        160.75","        161.29","    8157913","          1315773639.35","      37338"
"HINDALCO","EQ","13-Oct-2016","        160.75","        157.90","        159.25","        152.10","        154.55","        155.15","        156.16","    8680827","          1355565414.65","      45222"
"HINDALCO","EQ","14-Oct-2016","        155.15","        155.75","        156.35","        153.20","        154.65","        154.60","        154.63","    5656494","           874636453.10","      36149"
"HINDALCO","EQ","17-Oct-2016","        154.60","        154.20","        155.60","        150.00","        151.15","        150.65","        152.39","    7752014","          1181302579.10","      47278"
"HINDALCO","EQ","18-Oct-2016","        150.65","        152.00","        153.35","        149.30","        152.10","        152.35","        151.53","   10851523","          1644309348.40","      47258"
"HINDALCO","EQ","19-Oct-2016","        152.35","        153.40","        153.95","        150.00","        151.00","        151.00","        151.61","    8197044","          1242760741.25","      35032"
"HINDALCO","EQ","20-Oct-2016","        151.00","        151.80","        156.25","        151.65","        155.45","        155.25","        154.50","    8035617","          1241488359.75","      45093"
"HINDALCO","EQ","21-Oct-2016","        155.25","        155.40","        155.40","        150.85","        151.45","        151.85","        152.24","    5801324","           883180042.75","      25003"
"HINDALCO","EQ","24-Oct-2016","        151.85","        152.15","        153.15","        150.40","        150.80","        150.85","        151.60","    5649471","           856456082.15","      24791"
"HINDALCO","EQ","25-Oct-2016","        150.85","        151.20","        152.50","        147.65","        150.50","        150.50","        150.18","    8898884","          1336451235.55","      39047"
"HINDALCO","EQ","26-Oct-2016","        150.50","        149.90","        152.25","        148.60","        150.25","        150.20","        150.71","    6191861","           933190669.85","      22731"
"HINDALCO","EQ","27-Oct-2016","        150.20","        150.20","        150.85","        147.40","        148.90","        148.30","        149.08","    8386282","          1250207450.85","      34388"
"HINDALCO","EQ","28-Oct-2016","        148.30","        148.50","        150.40","        148.00","        149.80","        149.65","        149.18","    4501956","           671622194.25","      23188"
"HINDALCO","EQ","30-Oct-2016","        149.65","        150.00","        150.25","        149.40","        149.40","        149.75","        149.91","     429601","            64402790.20","       3150"
"HINDALCO","EQ","01-Nov-2016","        149.75","        150.50","        159.50","        149.70","        156.90","        156.95","        156.66","   17722418","          2776390154.85","      91311"
"HINDALCO","EQ","02-Nov-2016","        156.95","        154.80","        158.20","        153.15","        156.95","        156.50","        155.75","   11309743","          1761513221.70","      64310"
"HINDALCO","EQ","03-Nov-2016","        156.50","        156.95","        166.40","        156.75","        163.00","        162.80","        163.48","   26147206","          4274622165.55","     128680"
"HINDALCO","EQ","04-Nov-2016","        162.80","        164.00","        164.95","        154.75","        159.15","        158.85","        159.12","   14042173","          2234361121.85","      75396"
"HINDALCO","EQ","07-Nov-2016","        158.85","        162.75","        168.75","        161.40","        167.10","        167.60","        165.47","   13926778","          2304529569.45","      81006"
"HINDALCO","EQ","08-Nov-2016","        167.60","        170.00","        172.40","        165.85","        167.60","        167.40","        170.00","   23431723","          3983401265.65","     100704"
"HINDALCO","EQ","09-Nov-2016","        167.40","        150.70","        163.65","        150.70","        162.40","        162.10","        159.16","   11328441","          1803074440.55","      62749"
"HINDALCO","EQ","10-Nov-2016","        162.10","        168.50","        177.35","        167.00","        176.10","        175.75","        173.42","   16275443","          2822437580.05","      87504"
"HINDALCO","EQ","11-Nov-2016","        175.75","        174.10","        178.10","        171.05","        173.25","        172.30","        173.99","   13455096","          2341000503.50","      70600"
"HINDALCO","EQ","15-Nov-2016","        172.30","        175.70","        180.65","        166.50","        168.40","        167.75","        172.78","   30748024","          5312668865.50","     127476"
"HINDALCO","EQ","16-Nov-2016","        167.75","        171.80","        172.70","        161.20","        161.35","        162.80","        165.42","   11909724","          1970153038.50","      69812"
"HINDALCO","EQ","17-Nov-2016","        162.80","        164.00","        169.80","        162.00","        168.60","        168.30","        167.00","   10560503","          1763644740.70","      71574"
"HINDALCO","EQ","18-Nov-2016","        168.30","        169.00","        169.30","        163.60","        166.20","        165.35","        165.98","    8775559","          1456562934.25","      59156"
"HINDALCO","EQ","21-Nov-2016","        165.35","        166.50","        170.80","        156.10","        156.45","        157.35","        162.42","   16027161","          2603106964.45","      70195"
"HINDALCO","EQ","22-Nov-2016","        157.35","        158.85","        167.30","        158.65","        167.15","        166.55","        164.46","   15431966","          2537881661.85","      90523"
"HINDALCO","EQ","23-Nov-2016","        166.55","        168.95","        174.30","        168.00","        173.10","        173.70","        171.87","   15975588","          2745715380.15","      89864"
"HINDALCO","EQ","24-Nov-2016","        173.70","        173.50","        181.15","        172.15","        180.20","        180.45","        178.03","   24353559","          4335555152.45","     121594"
"HINDALCO","EQ","25-Nov-2016","        180.45","        182.90","        184.80","        178.85","        180.05","        180.50","        181.78","   17338861","          3151802528.70","     104623"
"HINDALCO","EQ","28-Nov-2016","        180.50","        180.30","        182.35","        177.70","        178.50","        178.65","        179.45","   12519439","          2246615404.15","      66266"
"HINDALCO","EQ","29-Nov-2016","        178.65","        179.70","        180.85","        174.80","        175.55","        175.40","        176.98","    9819481","          1737878164.30","      58825"
"HINDALCO","EQ","30-Nov-2016","        175.40","        175.00","        178.70","        172.80","        175.55","        175.75","        175.16","   15095725","          2644183664.90","     106791"
"HINDALCO","EQ","01-Dec-2016","        175.75","        176.80","        177.50","        169.70","        171.60","        171.35","        173.30","    7638033","          1323639452.55","      36994"
"HINDALCO","EQ","02-Dec-2016","        171.35","        170.95","        174.15","        167.50","        169.40","        168.75","        169.92","   11034636","          1875040537.95","      56669"
"HINDALCO","EQ","05-Dec-2016","        168.75","        168.50","        175.40","        167.80","        175.05","        174.50","        171.28","    9144499","          1566254773.45","      53093"
"HINDALCO","EQ","06-Dec-2016","        174.50","        176.95","        177.85","        174.20","        175.95","        175.40","        175.80","    8668165","          1523822218.25","      44946"
"HINDALCO","EQ","07-Dec-2016","        175.40","        176.50","        176.80","        172.45","        176.20","        175.05","        175.21","    6213861","          1088735214.80","      33749"
"HINDALCO","EQ","08-Dec-2016","        175.05","        177.45","        181.40","        176.30","        178.65","        179.20","        179.44","    9432763","          1692608597.40","      52166"
"HINDALCO","EQ","09-Dec-2016","        179.20","        180.45","        183.45","        179.05","        182.00","        182.10","        181.80","    9543322","          1735004012.50","      67225"
"HINDALCO","EQ","12-Dec-2016","        182.10","        180.80","        183.20","        179.25","        181.55","        181.95","        181.67","    8051004","          1462665453.70","      55774"
"HINDALCO","EQ","13-Dec-2016","        181.95","        181.55","        182.65","        175.25","        177.25","        176.95","        177.31","    9690930","          1718345850.90","      55366"
"HINDALCO","EQ","14-Dec-2016","        176.95","        177.25","        178.20","        174.85","        176.00","        176.00","        176.54","    6198952","          1094355396.05","      63390"
"HINDALCO","EQ","15-Dec-2016","        176.00","        173.40","        177.40","        173.20","        176.50","        176.10","        175.65","    6165323","          1082931487.55","      44658"
"HINDALCO","EQ","16-Dec-2016","        176.10","        176.90","        176.90","        169.10","        170.00","        170.20","        171.07","    9584392","          1639564383.95","      86128"
"HINDALCO","EQ","19-Dec-2016","        170.20","        169.40","        171.75","        168.10","        169.10","        169.15","        170.06","    5526669","           939849682.95","      33512"
"HINDALCO","EQ","20-Dec-2016","        169.15","        169.70","        169.75","        165.35","        167.45","        167.15","        166.97","    5435726","           907618172.05","      44684"
"HINDALCO","EQ","21-Dec-2016","        167.15","        168.00","        171.00","        166.55","        168.75","        168.80","        169.50","    6539566","          1108451746.90","      52980"
"HINDALCO","EQ","22-Dec-2016","        168.80","        168.70","        168.70","        160.25","        161.60","        161.25","        162.83","    9593033","          1562069055.70","      64814"
"HINDALCO","EQ","23-Dec-2016","        161.25","        161.00","        162.10","        158.85","        159.10","        159.30","        160.55","    9804162","          1574032617.10","      57228"
"HINDALCO","EQ","26-Dec-2016","        159.30","        157.50","        157.50","        149.70","        151.30","        151.50","        152.24","   10229442","          1557369426.05","      64781"
"HINDALCO","EQ","27-Dec-2016","        151.50","        150.30","        156.60","        147.85","        156.30","        155.55","        152.63","   10782163","          1645650407.60","      58244"
"HINDALCO","EQ","28-Dec-2016","        155.55","        156.50","        158.25","        152.60","        154.25","        153.60","        154.95","    9007119","          1395632406.45","      49495"
"HINDALCO","EQ","29-Dec-2016","        153.60","        153.10","        155.55","        152.30","        154.35","        154.75","        154.23","    7714023","          1189718705.30","      40096"
"HINDALCO","EQ","30-Dec-2016","        154.75","        155.00","        156.20","        153.25","        154.80","        155.05","        154.84","    8199773","          1269660031.25","      48410"
